year,month,code,description,description,price
2021,01,GBP,Lliura esterlina,0.9137
2021,01,DKK,Corona danesa,7.5526
2021,01,NOK,Corona noruega,10.8021
2021,01,SEK,Corona sueca,10.3028
2021,01,CHF,Franc suís,1.0892
2021,01,USD,Dòlar USA,1.2257
2021,01,CAD,Dòlar canadenc,1.587
2021,01,JPY,Ien,127.346
2021,01,HKD,Dòlar Hong Kong,9.5878
2021,02,GBP,Lliura esterlina,0.8964
2021,02,DKK,Corona danesa,7.5509
2021,02,NOK,Corona noruega,10.8848
2021,02,SEK,Corona sueca,10.4974
2021,02,CHF,Franc suís,1.0834
2021,02,USD,Dòlar USA,1.2205
2021,02,CAD,Dòlar canadenc,1.5592
2021,02,JPY,Ien,127.4216
2021,02,HKD,Dòlar Hong Kong,9.5463
2021,03,GBP,Lliura esterlina,0.8722
2021,03,DKK,Corona danesa,7.5491
2021,03,NOK,Corona noruega,10.3894
2021,03,SEK,Corona sueca,10.1904
2021,03,CHF,Franc suís,1.0895
2021,03,USD,Dòlar USA,1.214
2021,03,CAD,Dòlar canadenc,1.5469
2021,03,JPY,Ien,128.8938
2021,03,HKD,Dòlar Hong Kong,9.4973
2021,04,GBP,Lliura esterlina,0.861
2021,04,DKK,Corona danesa,7.5485
2021,04,NOK,Corona noruega,10.2437
2021,04,SEK,Corona sueca,10.2756
2021,04,CHF,Franc suís,1.1087
2021,04,USD,Dòlar USA,1.1978
2021,04,CAD,Dòlar canadenc,1.4971
2021,04,JPY,Ien,131.2339
2021,04,HKD,Dòlar Hong Kong,9.3863
2021,05,GBP,Lliura esterlina,0.8688
2021,05,DKK,Corona danesa,7.549
2021,05,NOK,Corona noruega,10.2233
2021,05,SEK,Corona sueca,10.2999
2021,05,CHF,Franc suís,1.1087
2021,05,USD,Dòlar USA,1.2102
2021,05,CAD,Dòlar canadenc,1.5316
2021,05,JPY,Ien,131.2518
2021,05,HKD,Dòlar Hong Kong,9.4783
2021,06,GBP,Lliura esterlina,0.8689
2021,06,DKK,Corona danesa,7.5479
2021,06,NOK,Corona noruega,10.3204
2021,06,SEK,Corona sueca,10.3347
2021,06,CHF,Franc suís,1.1057
2021,06,USD,Dòlar USA,1.2256
2021,06,CAD,Dòlar canadenc,1.4943
2021,06,JPY,Ien,134.1337
2021,06,HKD,Dòlar Hong Kong,9.5993
2021,07,GBP,Lliura esterlina,0.8609
2021,07,DKK,Corona danesa,7.5478
2021,07,NOK,Corona noruega,10.3516
2021,07,SEK,Corona sueca,10.281
2021,07,CHF,Franc suís,1.1029
2021,07,USD,Dòlar USA,1.1998
2021,07,CAD,Dòlar canadenc,1.4839
2021,07,JPY,Ien,133.443
2021,07,HKD,Dòlar Hong Kong,9.4007
2021,08,GBP,Lliura esterlina,0.8701
2021,08,DKK,Corona danesa,7.5501
2021,08,NOK,Corona noruega,10.791
2021,08,SEK,Corona sueca,10.4132
2021,08,CHF,Franc suís,1.091
2021,08,USD,Dòlar USA,1.1835
2021,08,CAD,Dòlar canadenc,1.5115
2021,08,JPY,Ien,130.6188
2021,08,HKD,Dòlar Hong Kong,9.2837
2021,09,GBP,Lliura esterlina,0.8609
2021,09,DKK,Corona danesa,7.5484
2021,09,NOK,Corona noruega,10.5536
2021,09,SEK,Corona sueca,10.383
2021,09,CHF,Franc suís,1.0801
2021,09,USD,Dòlar USA,1.1812
2021,09,CAD,Dòlar canadenc,1.4964
2021,09,JPY,Ien,130.139
2021,09,HKD,Dòlar Hong Kong,9.2782
2021,10,GBP,Lliura esterlina,0.8635
2021,10,DKK,Corona danesa,7.5487
2021,10,NOK,Corona noruega,10.2803
2021,10,SEK,Corona sueca,10.326
2021,10,CHF,Franc suís,1.0908
2021,10,USD,Dòlar USA,1.1779
2021,10,CAD,Dòlar canadenc,1.5081
2021,10,JPY,Ien,129.9151
2021,10,HKD,Dòlar Hong Kong,9.2529
2020,01,GBP,Lliura esterlina,0.8424
2020,01,DKK,Corona danesa,7.361
2020,01,NOK,Corona noruega,9.9138
2020,01,SEK,Corona sueca,10.3147
2020,01,CHF,Franc suís,1.088
2020,01,USD,Dòlar Usa,1.1095
2020,01,CAD,Dòlar canadenc,1.4543
2020,01,JPY,Ien,121.0869
2020,01,HKD,Dòlar Hong Kong,8.5649
2020,02,GBP,Lliura esterlina,0.838
2020,02,DKK,Corona danesa,7.3603
2020,02,NOK,Corona noruega,9.8097
2020,02,SEK,Corona sueca,10.3868
2020,02,CHF,Franc suís,1.0684
2020,02,USD,Dòlar Usa,1.1008
2020,02,CAD,Dòlar canadenc,1.4394
2020,02,JPY,Ien,120.508
2020,02,HKD,Dòlar Hong Kong,8.4799
2020,03,GBP,Lliura esterlina,0.8304
2020,03,DKK,Corona danesa,7.3576
2020,03,NOK,Corona noruega,9.9333
2020,03,SEK,Corona sueca,10.4113
2020,03,CHF,Franc suís,1.0547
2020,03,USD,Dòlar USA,1.0736
2020,03,CAD,Dòlar canadenc,1.4178
2020,03,JPY,Ien,119.7623
2020,03,HKD,Dòlar Hong Kong,8.2871
2020,04,GBP,Lliura esterlina,0.9228
2020,04,DKK,Corona danesa,7.3557
2020,04,NOK,Corona noruega,11.718
2020,04,SEK,Corona sueca,10.8735
2020,04,CHF,Franc suís,1.0511
2020,04,USD,Dòlar USA,1.0759
2020,04,CAD,Dòlar canadenc,1.5436
2020,04,JPY,Ien,118.8811
2020,04,HKD,Dòlar Hong Kong,8.2687
2020,05,GBP,Lliura esterlina,0.872
2020,05,DKK,Corona danesa,7.4577
2020,05,NOK,Corona noruega,11.5165
2020,05,SEK,Corona sueca,10.8883
2020,05,CHF,Franc suís,1.0511
2020,05,USD,Dòlar USA,1.0772
2020,05,CAD,Dòlar canadenc,1.5226
2020,05,JPY,Ien,115.75
2020,05,HKD,Dòlar Hong Kong,8.3489
2020,06,GBP,Lliura esterlina,0.8887
2020,06,DKK,Corona danesa,7.3441
2020,06,NOK,Corona noruega,10.7459
2020,06,SEK,Corona sueca,10.3991
2020,06,CHF,Franc suís,1.0519
2020,06,USD,Dòlar USA,1.0884
2020,06,CAD,Dòlar canadenc,1.506
2020,06,JPY,Ien,116.7193
2020,06,HKD,Dòlar Hong Kong,8.3606
2020,07,GBP,Lliura esterlina,0.8972
2020,07,DKK,Corona danesa,7.3435
2020,07,NOK,Corona noruega,10.5455
2020,07,SEK,Corona sueca,10.4008
2020,07,CHF,Franc suís,1.0614
2020,07,USD,Dòlar USA,1.1149
2020,07,CAD,Dòlar canadenc,1.5076
2020,07,JPY,Ien,118.5768
2020,07,HKD,Dòlar Hong Kong,8.5635
2020,08,GBP,Lliura esterlina,0.9178
2020,08,DKK,Corona danesa,7.555
2020,08,NOK,Corona noruega,10.5455
2020,08,SEK,Corona sueca,10.4506
2020,08,CHF,Franc suís,1.081
2020,08,USD,Dòlar USA,1.1773
2020,08,CAD,Dòlar canadenc,1.5823
2020,08,JPY,Ien,124.8573
2020,08,HKD,Dòlar Hong Kong,9.2067
2020,09,GBP,Lliura esterlina,0.9066
2020,09,DKK,Corona danesa,7.5579
2020,09,NOK,Corona noruega,10.6999
2020,09,SEK,Corona sueca,10.4727
2020,09,CHF,Franc suís,1.084
2020,09,USD,Dòlar USA,1.2013
2020,09,CAD,Dòlar canadenc,1.5857
2020,09,JPY,Ien,127.1316
2020,09,HKD,Dòlar Hong Kong,9.3916
2020,10,GBP,Lliura esterlina,0.9178
2020,10,DKK,Corona danesa,7.5541
2020,10,NOK,Corona noruega,11.2688
2020,10,SEK,Corona sueca,10.738
2020,10,CHF,Franc suís,1.0837
2020,10,USD,Dòlar USA,1.1715
2020,10,CAD,Dòlar canadenc,1.5756
2020,10,JPY,Ien,123.9573
2020,10,HKD,Dòlar Hong Kong,9.1604
2020,11,GBP,Lliura esterlina,0.9134
2020,11,DKK,Corona danesa,7.5551
2020,11,NOK,Corona noruega,11.09
2020,11,SEK,Corona sueca,10.5207
2020,11,CHF,Franc suís,1.0785
2020,11,USD,Dòlar USA,1.1925
2020,11,CAD,Dòlar canadenc,1.5698
2020,11,JPY,Ien,125.548
2020,11,HKD,Dòlar Hong Kong,9.326
2020,12,GBP,Lliura esterlina,0.8995
2020,12,DKK,Corona danesa,7.5612
2020,12,NOK,Corona noruega,10.8848
2020,12,SEK,Corona sueca,10.3732
2020,12,CHF,Franc suís,1.0889
2020,12,USD,Dòlar USA,1.1949
2020,12,CAD,Dòlar canadenc,1.5688
2020,12,JPY,Ien,124.6915
2020,12,HKD,Dòlar Hong Kong,9.3475
2019,01,GBP,LLIURA ESTERLINA,0.8957
2019,01,DKK,CORONA DANESA,7.3737
2019,01,NOK,CORONA NORUEGA,9.78
2019,01,SEK,CORONA SUECA,10.1728
2019,01,CHF,FRANC SUÍS,1.1246
2019,01,USD,DÒLAR USA,1.1323
2019,01,CAD,DÒLAR CANADENC,1.5176
2019,01,JPY,IEN,126.8748
2019,01,HKD,DÒLAR HONG KONG,8.7751
2019,02,GBP,LLIURA ESTERLINA,0.8734
2019,02,DKK,CORONA DANESA,7.373
2019,02,NOK,CORONA NORUEGA,9.646
2019,02,SEK,CORONA SUECA,10.1229
2019,02,CHF,FRANC SUÍS,1.1289
2019,02,USD,DÒLAR USA,1.132
2019,02,CAD,DÒLAR CANADENC,1.5056
2019,02,JPY,IEN,123.2841
2019,02,HKD,DÒLAR HONG KONG,8.8011
2019,03,GBP,LLIURA ESTERLINA,0.8654
2019,03,DKK,CORONA DANESA,7.3678
2019,03,NOK,CORONA NORUEGA,9.5994
2019,03,SEK,CORONA SUECA,10.4184
2019,03,CHF,FRANC SUÍS,1.1315
2019,03,USD,DÒLAR USA,1.1294
2019,03,CAD,DÒLAR CANADENC,1.4839
2019,03,JPY,IEN,123.2841
2019,03,HKD,DÒLAR HONG KONG,8.7849
2019,04,GBP,LLIURA ESTERLINA,0.8533
2019,04,DKK,CORONA DANESA,7.3681
2019,04,NOK,CORONA NORUEGA,9.5618
2019,04,SEK,CORONA SUECA,10.315
2019,04,CHF,FRANC SUÍS,1.1301
2019,04,USD,DÒLAR USA,1.1306
2019,04,CAD,DÒLAR CANADENC,1.5015
2019,04,JPY,IEN,125.6209
2019,04,HKD,DÒLAR HONG KONG,8.7954
2019,05,GBP,LLIURA ESTERLINA,0.8613
2019,05,DKK,CORONA DANESA,7.3687
2019,05,NOK,CORONA NORUEGA,9.4578
2019,05,SEK,CORONA SUECA,10.3081
2019,05,CHF,FRANC SUÍS,1.1328
2019,05,USD,DÒLAR USA,1.124
2019,05,CAD,DÒLAR CANADENC,1.4945
2019,05,JPY,IEN,125.4108
2019,05,HKD,DÒLAR HONG KONG,8.7361
2019,06,GBP,LLIURA ESTERLINA,0.8745
2019,06,DKK,CORONA DANESA,7.3745
2019,06,NOK,CORONA NORUEGA,9.6572
2019,06,SEK,CORONA SUECA,10.6352
2019,06,CHF,FRANC SUÍS,1.124
2019,06,USD,DÒLAR USA,1.1112
2019,06,CAD,DÒLAR CANADENC,1.484
2019,06,JPY,IEN,122.2445
2019,06,HKD,DÒLAR HONG KONG,8.6447
2019,07,GBP,LLIURA ESTERLINA,0.8878
2019,07,DKK,CORONA DANESA,7.3743
2019,07,NOK,CORONA NORUEGA,9.6681
2019,07,SEK,CORONA SUECA,10.5421
2019,07,CHF,FRANC SUÍS,1.1156
2019,07,USD,DÒLAR USA,1.1152
2019,07,CAD,DÒLAR CANADENC,1.4863
2019,07,JPY,IEN,120.3444
2019,07,HKD,DÒLAR HONG KONG,8.6517
2019,08,GBP,LLIURA ESTERLINA,0.8928
2019,08,DKK,CORONA DANESA,7.3721
2019,08,NOK,CORONA NORUEGA,9.5586
2019,08,SEK,CORONA SUECA,10.428
2019,08,CHF,FRANC SUÍS,1.0957
2019,08,USD,DÒLAR USA,1.1108
2019,08,CAD,DÒLAR CANADENC,1.4531
2019,08,JPY,IEN,119.6117
2019,08,HKD,DÒLAR HONG KONG,8.5993
2019,09,GBP,LLIURA ESTERLINA,0.9104
2019,09,DKK,CORONA DANESA,7.3616
2019,09,NOK,CORONA NORUEGA,9.8456
2019,09,SEK,CORONA SUECA,10.6111
2019,09,CHF,FRANC SUÍS,1.0822
2019,09,USD,DÒLAR USA,1.1055
2019,09,CAD,DÒLAR CANADENC,1.4648
2019,09,JPY,IEN,117.2204
2019,09,HKD,DÒLAR HONG KONG,8.5925
2019,10,GBP,LLIURA ESTERLINA,0.8811
2019,10,DKK,CORONA DANESA,7.3552
2019,10,NOK,CORONA NORUEGA,9.735
2019,10,SEK,CORONA SUECA,10.5542
2019,10,CHF,FRANC SUÍS,1.0934
2019,10,USD,DÒLAR USA,1.0987
2019,10,CAD,DÒLAR CANADENC,1.45
2019,10,JPY,IEN,118.3971
2019,10,HKD,DÒLAR HONG KONG,8.5249
2019,11,GBP,LLIURA ESTERLINA,0.858
2019,11,DKK,CORONA DANESA,7.358
2019,11,NOK,CORONA NORUEGA,10.0338
2019,11,SEK,CORONA SUECA,10.5776
2019,11,CHF,FRANC SUÍS,1.0933
2019,11,USD,DÒLAR USA,1.1047
2019,11,CAD,DÒLAR CANADENC,1.4406
2019,11,JPY,IEN,119.3145
2019,11,HKD,DÒLAR HONG KONG,8.5872
2019,12,GBP,Lliura esterlina,0.8518
2019,12,DKK,Corona danesa,7.3601
2019,12,NOK,Corona noruega,9.9558
2019,12,SEK,Corona sueca,10.5083
2019,12,CHF,Franc suís,1.0913
2019,12,USD,Dòlar usa,1.1007
2019,12,CAD,Dòlar canadenc,1.455
2019,12,JPY,Ien,119.0169
2019,12,HKD,Dòlar Hong Kong,8.5316
2018,01,GBP,LLIURA ESTERLINA,0.8812
2018,01,DKK,CORONA DANESA,7.3497
2018,01,NOK,CORONA NORUEGA,9.7602
2018,01,SEK,CORONA SUECA,9.8237
2018,01,CHF,FRANC SUÍS,1.1619
2018,01,USD,DÒLAR USA,1.1798
2018,01,CAD,DÒLAR CANADENC,1.5129
2018,01,JPY,IEN,132.642
2018,01,HKD,DÒLAR HONG KONG,9.138
2018,02,GBP,LLIURA ESTERLINA,0.8577
2018,02,DKK,CORONA DANESA,7.1837
2018,02,NOK,CORONA NORUEGA,9.2816
2018,02,SEK,CORONA SUECA,9.5009
2018,02,CHF,FRANC SUÍS,1.1501
2018,02,USD,DÒLAR USA,1.2008
2018,02,CAD,DÒLAR CANADENC,1.4774
2018,02,JPY,IEN,131.201
2018,02,HKD,DÒLAR HONG KONG,9.1829
2018,03,GBP,LLIURA ESTERLINA,0.8784
2018,03,DKK,CORONA DANESA,7.3538
2018,03,NOK,CORONA NORUEGA,9.5486
2018,03,SEK,CORONA SUECA,9.8638
2018,03,CHF,FRANC SUÍS,1.1507
2018,03,USD,DÒLAR USA,1.2294
2018,03,CAD,DÒLAR CANADENC,1.5485
2018,03,JPY,IEN,131.413
2018,03,HKD,DÒLAR HONG KONG,9.5326
2018,04,GBP,LLIURA ESTERLINA,0.8714
2018,04,DKK,CORONA DANESA,7.3551
2018,04,NOK,CORONA NORUEGA,9.3617
2018,04,SEK,CORONA SUECA,9.9358
2018,04,CHF,FRANC SUÍS,1.1666
2018,04,USD,DÒLAR USA,1.22
2018,04,CAD,DÒLAR CANADENC,1.5886
2018,04,JPY,IEN,129.4502
2018,04,HKD,DÒLAR HONG KONG,9.4849
2018,05,GBP,LLIURA ESTERLINA,0.8624
2018,05,DKK,CORONA DANESA,7.3544
2018,05,NOK,CORONA NORUEGA,9.4806
2018,05,SEK,CORONA SUECA,10.2664
2018,05,CHF,FRANC SUÍS,1.1907
2018,05,USD,DÒLAR USA,1.2327
2018,05,CAD,DÒLAR CANADENC,1.5405
2018,05,JPY,IEN,131.3769
2018,05,HKD,DÒLAR HONG KONG,9.5897
2018,06,GBP,LLIURA ESTERLINA,0.8736
2018,06,DKK,CORONA DANESA,7.3546
2018,06,NOK,CORONA NORUEGA,9.3733
2018,06,SEK,CORONA SUECA,10.1066
2018,06,CHF,FRANC SUÍS,1.1649
2018,06,USD,DÒLAR USA,1.1735
2018,06,CAD,DÒLAR CANADENC,1.4983
2018,06,JPY,IEN,129.6211
2018,06,HKD,DÒLAR HONG KONG,9.1295
2018,07,GBP,LLIURA ESTERLINA,0.8766
2018,07,DKK,CORONA DANESA,7.3604
2018,07,NOK,CORONA NORUEGA,9.3657
2018,07,SEK,CORONA SUECA,10.1773
2018,07,CHF,FRANC SUÍS,1.1481
2018,07,USD,DÒLAR USA,1.1546
2018,07,CAD,DÒLAR CANADENC,1.4983
2018,07,JPY,IEN,126.6034
2018,07,HKD,DÒLAR HONG KONG,8.9833
2018,08,GBP,LLIURA ESTERLINA,0.8859
2018,08,DKK,CORONA DANESA,7.3592
2018,08,NOK,CORONA NORUEGA,9.3841
2018,08,SEK,CORONA SUEQUES,10.1759
2018,08,CHF,FRANC SUÍS,1.1619
2018,08,USD,DÒLAR USA,1.1618
2018,08,CAD,DÒLAR CANADENC,1.527
2018,08,JPY,IEN,130.6078
2018,08,HKD,DÒLAR HONG KONG,9.037
2018,09,GBP,LLIURA ESTERLINA,0.8754
2018,09,DKK,CORONA DANESA,7.1972
2018,09,NOK,CORONA NORUEGA,9.3797
2018,09,SEK,CORONA SUEQUES,10.1513
2018,09,CHF,FRANC SUÍS,1.1125
2018,09,USD,DÒLAR USA,1.1299
2018,09,CAD,DÒLAR CANADENC,1.4595
2018,09,JPY,IEN,123.355
2018,09,HKD,DÒLAR HONG KONG,8.6741
2018,10,GBP,LLIURA ESTERLINA,0.8842
2018,10,DKK,CORONA DANESA,7.3665
2018,10,NOK,CORONA NORUEGA,9.3976
2018,10,SEK,CORONA SUEQUES,10.2628
2018,10,CHF,FRANC SUÍS,1.1213
2018,10,USD,DÒLAR USA,1.1627
2018,10,CAD,DÒLAR CANADENC,1.503
2018,10,JPY,IEN,130.1124
2018,10,HKD,DÒLAR HONG KONG,9.0373
2018,11,GBP,LLIURA ESTERLINA,0.8802
2018,11,DKK,CORONA DANESA,7.367
2018,11,NOK,CORONA NORUEGA,9.3853
2018,11,SEK,CORONA SUEQUES,10.2219
2018,11,CHF,FRANC SUÍS,1.137
2018,11,USD,DÒLAR USA,1.1431
2018,11,CAD,DÒLAR CANADENC,1.4891
2018,11,JPY,IEN,127.9953
2018,11,HKD,DÒLAR HONG KONG,8.8794
2018,12,GBP,LLIURA ESTERLINA,0.8861
2018,12,DKK,CORONA DANESA,7.3687
2018,12,NOK,CORONA NORUEGA,9.6398
2018,12,SEK,CORONA SUEQUES,10.2049
2018,12,CHF,FRANC SUÍS,1.1269
2018,12,USD,DÒLAR USA,1.133
2018,12,CAD,DÒLAR CANADENC,1.502
2018,12,JPY,IEN,127.2295
2018,12,HKD,DÒLAR HONG KONG,8.7927
2017,01,GBP,LLIURA ESTERLINA,0.8371
2017,01,DKK,CORONA DANESA,7.3411
2017,01,NOK,CORONA NORUEGA,8.9231
2017,01,SEK,CORONA SUECA,9.5894
2017,01,CHF,FRANC SUÍS,1.0649
2017,01,USD,DÒLAR USA,1.0352
2017,01,CAD,DÒLAR CANADENC,1.3777
2017,01,JPY,IEN,121.5233
2017,01,HKD,DÒLAR HONG KONG,7.968
2017,02,GBP,LLIURA ESTERLINA,0.8541
2017,02,DKK,CORONA DANESA,7.3427
2017,02,NOK,CORONA NORUEGA,8.8489
2017,02,SEK,CORONA SUECA,9.3756
2017,02,CHF,FRANC SUÍS,1.0701
2017,02,USD,DÒLAR USA,1.0693
2017,02,CAD,DÒLAR CANADENC,1.4018
2017,02,JPY,IEN,121.2203
2017,02,HKD,DÒLAR HONG KONG,8.2213
2017,03,GBP,LLIURA ESTERLINA,0.8453
2017,03,DKK,CORONA DANESA,7.3423
2017,03,NOK,CORONA NORUEGA,8.771
2017,03,SEK,CORONA SUECA,9.3306
2017,03,CHF,FRANC SUÍS,1.0609
2017,03,USD,DÒLAR USA,1.0539
2017,03,CAD,DÒLAR CANADENC,1.3737
2017,03,JPY,IEN,119.9521
2017,03,HKD,DÒLAR HONG KONG,8.1049
2017,04,GBP,LLIURA ESTERLINA,0.8634
2017,04,DKK,CORONA DANESA,7.3439
2017,04,NOK,CORONA NORUEGA,9.0352
2017,04,SEK,CORONA SUECA,9.3973
2017,04,CHF,FRANC SUÍS,1.0703
2017,04,USD,DÒLAR USA,1.0769
2017,04,CAD,DÒLAR CANADENC,1.4322
2017,04,JPY,IEN,119.8787
2017,04,HKD,DÒLAR HONG KONG,8.288
2017,05,GBP,LLIURA ESTERLINA,0.8323
2017,05,DKK,CORONA DANESA,7.3456
2017,05,NOK,CORONA NORUEGA,9.016
2017,05,SEK,CORONA SUECA,9.488
2017,05,CHF,FRANC SUÍS,1.0652
2017,05,USD,DÒLAR USA,1.0692
2017,05,CAD,DÒLAR CANADENC,1.425
2017,05,JPY,IEN,115.4888
2017,05,HKD,DÒLAR HONG KONG,8.2369
2017,06,GBP,LLIURA ESTERLINA,0.8549
2017,06,DKK,CORONA DANESA,7.3442
2017,06,NOK,CORONA NORUEGA,9.264
2017,06,SEK,CORONA SUECA,9.6149
2017,06,CHF,FRANC SUÍS,1.0887
2017,06,USD,DÒLAR USA,1.104
2017,06,CAD,DÒLAR CANADENC,1.4963
2017,06,JPY,IEN,124.3642
2017,06,HKD,DÒLAR HONG KONG,8.5218
2017,07,GBP,LLIURA ESTERLINA,0.8784
2017,07,DKK,CORONA DANESA,7.4447
2017,07,NOK,CORONA NORUEGA,9.3876
2017,07,SEK,CORONA SUECA,9.6554
2017,07,CHF,FRANC SUÍS,1.0817
2017,07,USD,DÒLAR USA,1.1093
2017,07,CAD,DÒLAR CANADENC,1.4657
2017,07,JPY,IEN,123.1578
2017,07,HKD,DÒLAR HONG KONG,8.5755
2017,08,GBP,LLIURA ESTERLINA,0.8828
2017,08,DKK,CORONA DANESA,7.3436
2017,08,NOK,CORONA NORUEGA,9.2266
2017,08,SEK,CORONA SUECA,9.4713
2017,08,CHF,FRANC SUÍS,1.0995
2017,08,USD,DÒLAR USA,1.1512
2017,08,CAD,DÒLAR CANADENC,1.4475
2017,08,JPY,IEN,128.5201
2017,08,HKD,DÒLAR HONG KONG,8.906
2017,09,GBP,LLIURA ESTERLINA,0.914
2017,09,DKK,CORONA DANESA,7.345
2017,09,NOK,CORONA NORUEGA,9.1844
2017,09,SEK,CORONA SUECA,9.3986
2017,09,CHF,FRANC SUÍS,1.135
2017,09,USD,DÒLAR USA,1.1721
2017,09,CAD,DÒLAR CANADENC,1.4669
2017,09,JPY,IEN,127.9026
2017,09,HKD,DÒLAR HONG KONG,9.0912
2017,10,GBP,LLIURA ESTERLINA,0.8844
2017,10,DKK,CORONA DANESA,7.347
2017,10,NOK,CORONA NORUEGA,9.2376
2017,10,SEK,CORONA SUECA,9.4159
2017,10,CHF,FRANC SUÍS,1.1506
2017,10,USD,DÒLAR USA,1.195
2017,10,CAD,DÒLAR CANADENC,1.4628
2017,10,JPY,IEN,132.8491
2017,10,HKD,DÒLAR HONG KONG,9.2428
2017,11,GBP,LLIURA ESTERLINA,0.8886
2017,11,DKK,CORONA DANESA,7.3505
2017,11,NOK,CORONA NORUEGA,9.2288
2017,11,SEK,CORONA SUECA,9.4748
2017,11,CHF,FRANC SUÍS,1.147
2017,11,USD,DÒLAR USA,1.1723
2017,11,CAD,DÒLAR CANADENC,1.4624
2017,11,JPY,IEN,131.0127
2017,11,HKD,DÒLAR HONG KONG,9.0723
2017,12,GBP,LLIURA ESTERLINA,0.8836
2017,12,DKK,CORONA DANESA,7.3481
2017,12,NOK,CORONA NORUEGA,9.5231
2017,12,SEK,CORONA SUECA,9.7713
2017,12,CHF,FRANC SUÍS,1.1598
2017,12,USD,DÒLAR USA,1.1696
2017,12,CAD,DÒLAR CANADENC,1.4889
2017,12,JPY,IEN,130.9861
2017,12,HKD,DÒLAR HONG KONG,9.0542
2016,01,GBP,LLIURA ESTERLINA,0.7336
2016,01,DKK,CORONA DANESA,7.368
2016,01,NOK,CORONA NORUEGA,9.4188
2016,01,SEK,CORONA SUECA,9.1175
2016,01,CHF,FRANC SUÍS,1.0777
2016,01,USD,DÒLAR USA,1.0895
2016,01,CAD,DÒLAR CANADENC,1.5087
2016,01,JPY,IEN,131.2309
2016,01,HKD,DÒLAR HONG KONG,8.3669
2016,02,GBP,LLIURA ESTERLINA,0.7714
2016,02,DKK,CORONA DANESA,7.3691
2016,02,NOK,CORONA NORUEGA,9.5485
2016,02,SEK,CORONA SUECA,9.2247
2016,02,CHF,FRANC SUÍS,1.0911
2016,02,USD,DÒLAR USA,1.092
2016,02,CAD,DÒLAR CANADENC,1.5918
2016,02,JPY,IEN,126.8272
2016,02,HKD,DÒLAR HONG KONG,8.4608
2016,03,GBP,LLIURA ESTERLINA,0.7794
2016,03,DKK,CORONA DANESA,7.3706
2016,03,NOK,CORONA NORUEGA,9.5054
2016,03,SEK,CORONA SUECA,9.3578
2016,03,CHF,FRANC SUÍS,1.0979
2016,03,USD,DÒLAR USA,1.113
2016,03,CAD,DÒLAR CANADENC,1.5388
2016,03,JPY,IEN,126.0443
2016,03,HKD,DÒLAR HONG KONG,8.5879
2016,04,GBP,LLIURA ESTERLINA,0.7867
2016,04,DKK,CORONA DANESA,7.358
2016,04,NOK,CORONA NORUEGA,9.3102
2016,04,SEK,CORONA SUECA,9.1192
2016,04,CHF,FRANC SUÍS,1.0875
2016,04,USD,DÒLAR USA,1.1148
2016,04,CAD,DÒLAR CANADENC,1.4535
2016,04,JPY,IEN,124.8321
2016,04,HKD,DÒLAR HONG KONG,8.5686
2016,05,GBP,LLIURA ESTERLINA,0.7882
2016,05,DKK,CORONA DANESA,7.3488
2016,05,NOK,CORONA NORUEGA,9.141
2016,05,SEK,CORONA SUECA,9.0773
2016,05,CHF,FRANC SUÍS,1.0884
2016,05,USD,DÒLAR USA,1.1319
2016,05,CAD,DÒLAR CANADENC,1.434
2016,05,JPY,IEN,122.7727
2016,05,HKD,DÒLAR HONG KONG,8.6988
2016,06,GBP,LLIURA ESTERLINA,0.7787
2016,06,DKK,CORONA DANESA,7.3455
2016,06,NOK,CORONA NORUEGA,9.135
2016,06,SEK,CORONA SUECA,9.213
2016,06,CHF,FRANC SUÍS,1.1049
2016,06,USD,DÒLAR USA,1.1246
2016,06,CAD,DÒLAR CANADENC,1.4485
2016,06,JPY,IEN,122.3423
2016,06,HKD,DÒLAR HONG KONG,8.6495
2016,07,GBP,LLIURA ESTERLINA,0.766
2016,07,DKK,CORONA DANESA,7.3428
2016,07,NOK,CORONA NORUEGA,9.2302
2016,07,SEK,CORONA SUECA,9.1902
2016,07,CHF,FRANC SUÍS,1.0785
2016,07,USD,DÒLAR USA,1.1217
2016,07,CAD,DÒLAR CANADENC,1.4308
2016,07,JPY,IEN,117.0818
2016,07,HKD,DÒLAR HONG KONG,8.6264
2016,08,GBP,LLIURA ESTERLINA,0.8377
2016,08,DKK,CORONA DANESA,7.3467
2016,08,NOK,CORONA NORUEGA,9.2646
2016,08,SEK,CORONA SUECA,9.3712
2016,08,CHF,FRANC SUÍS,1.082
2016,08,USD,DÒLAR USA,1.0984
2016,08,CAD,DÒLAR CANADENC,1.424
2016,08,JPY,IEN,116.04
2016,08,HKD,DÒLAR HONG KONG,8.4391
2016,09,GBP,LLIURA ESTERLINA,0.8536
2016,09,DKK,CORONA DANESA,7.349
2016,09,NOK,CORONA NORUEGA,9.1673
2016,09,SEK,CORONA SUECA,9.3541
2016,09,CHF,FRANC SUÍS,1.0844
2016,09,USD,DÒLAR USA,1.1264
2016,09,CAD,DÒLAR CANADENC,1.4483
2016,09,JPY,IEN,112.4601
2016,09,HKD,DÒLAR HONG KONG,8.6554
2016,10,GBP,LLIURA ESTERLINA,0.8557
2016,10,DKK,CORONA DANESA,7.3615
2016,10,NOK,CORONA NORUEGA,9.137
2016,10,SEK,CORONA SUECA,9.466
2016,10,CHF,FRANC SUÍS,1.0883
2016,10,USD,DÒLAR USA,1.1111
2016,10,CAD,DÒLAR CANADENC,1.4593
2016,10,JPY,IEN,112.5722
2016,10,HKD,DÒLAR HONG KONG,8.5408
2016,11,GBP,LLIURA ESTERLINA,0.8897
2016,11,DKK,CORONA DANESA,7.3477
2016,11,NOK,CORONA NORUEGA,8.8369
2016,11,SEK,CORONA SUECA,9.5672
2016,11,CHF,FRANC SUÍS,1.0831
2016,11,USD,DÒLAR USA,1.0941
2016,11,CAD,DÒLAR CANADENC,1.4286
2016,11,JPY,IEN,113.1778
2016,11,HKD,DÒLAR HONG KONG,8.4126
2016,12,GBP,LLIURA ESTERLINA,0.8525
2016,12,DKK,CORONA DANESA,7.3455
2016,12,NOK,CORONA NORUEGA,8.9353
2016,12,SEK,CORONA SUECA,9.6703
2016,12,CHF,FRANC SUÍS,1.0712
2016,12,USD,DÒLAR USA,1.0588
2016,12,CAD,DÒLAR CANADENC,1.4176
2016,12,JPY,IEN,117.1965
2016,12,HKD,DÒLAR HONG KONG,8.139
2015,01,GBP,LLIURA ESTERLINA,0.7596
2015,01,DKK,CORONA DANESA,7.3416
2015,01,NOK,CORONA NORUEGA,8.757
2015,01,SEK,CORONA SUECA,9.3238
2015,01,CHF,FRANC SUÍS,1.0084
2015,01,USD,DÒLAR USA,1.1526
2015,01,CAD,DÒLAR CANADENC,1.3864
2015,01,JPY,IEN,134.9156
2015,01,HKD,DÒLAR HONG KONG,8.8548
2015,02,GBP,LLIURA ESTERLINA,0.7392
2015,02,DKK,CORONA DANESA,7.3507
2015,02,NOK,CORONA NORUEGA,8.4554
2015,02,SEK,CORONA SUECA,9.3789
2015,02,CHF,FRANC SUÍS,1.0646
2015,02,USD,DÒLAR USA,1.1349
2015,02,CAD,DÒLAR CANADENC,1.4023
2015,02,JPY,IEN,134.7327
2015,02,HKD,DÒLAR HONG KONG,8.7231
2015,03,GBP,LLIURA ESTERLINA,0.7165
2015,03,DKK,CORONA DANESA,7.3628
2015,03,NOK,CORONA NORUEGA,8.7101
2015,03,SEK,CORONA SUECA,9.0929
2015,03,CHF,FRANC SUÍS,1.0625
2015,03,USD,DÒLAR USA,1.057
2015,03,CAD,DÒLAR CANADENC,1.348
2015,03,JPY,IEN,137.7235
2015,03,HKD,DÒLAR HONG KONG,8.1255
2015,04,GBP,LLIURA ESTERLINA,0.7174
2015,04,DKK,CORONA DANESA,7.3674
2015,04,NOK,CORONA NORUEGA,8.3319
2015,04,SEK,CORONA SUECA,9.1888
2015,04,CHF,FRANC SUÍS,1.0221
2015,04,USD,DÒLAR USA,1.0723
2015,04,CAD,DÒLAR CANADENC,1.3074
2015,04,JPY,IEN,127.6544
2015,04,HKD,DÒLAR HONG KONG,8.2341
2015,05,GBP,LLIURA ESTERLINA,0.7127
2015,05,DKK,CORONA DANESA,7.3682
2015,05,NOK,CORONA NORUEGA,8.3047
2015,05,SEK,CORONA SUECA,9.1768
2015,05,CHF,FRANC SUÍS,1.0381
2015,05,USD,DÒLAR USA,1.1038
2015,05,CAD,DÒLAR CANADENC,1.3459
2015,05,JPY,IEN,133.08
2015,05,HKD,DÒLAR HONG KONG,8.4812
2015,06,GBP,LLIURA ESTERLINA,0.7127
2015,06,DKK,CORONA DANESA,7.3682
2015,06,NOK,CORONA NORUEGA,8.3047
2015,06,SEK,CORONA SUECA,9.1768
2015,06,CHF,FRANC SUÍS,1.0381
2015,06,USD,DÒLAR USA,1.1038
2015,06,CAD,DÒLAR CANADENC,1.3459
2015,06,JPY,IEN,133.08
2015,06,HKD,DÒLAR HONG KONG,8.4812
2015,07,GBP,LLIURA ESTERLINA,0.7174
2015,07,DKK,CORONA DANESA,7.3645
2015,07,NOK,CORONA NORUEGA,8.631
2015,07,SEK,CORONA SUECA,9.0845
2015,07,CHF,FRANC SUÍS,1.0428
2015,07,USD,DÒLAR USA,1.1224
2015,07,CAD,DÒLAR CANADENC,1.3761
2015,07,JPY,IEN,138.1197
2015,07,HKD,DÒLAR HONG KONG,8.6209
2015,08,GBP,LLIURA ESTERLINA,0.699
2015,08,DKK,CORONA DANESA,7.3686
2015,08,NOK,CORONA NORUEGA,8.7655
2015,08,SEK,CORONA SUECA,9.2317
2015,08,CHF,FRANC SUÍS,1.0447
2015,08,USD,DÒLAR USA,1.0915
2015,08,CAD,DÒLAR CANADENC,1.4086
2015,08,JPY,IEN,134.4507
2015,08,HKD,DÒLAR HONG KONG,8.383
2015,09,GBP,LLIURA ESTERLINA,0.7034
2015,09,DKK,CORONA DANESA,7.3691
2015,09,NOK,CORONA NORUEGA,9.0194
2015,09,SEK,CORONA SUECA,9.3138
2015,09,CHF,FRANC SUÍS,1.0756
2015,09,USD,DÒLAR USA,1.1031
2015,09,CAD,DÒLAR CANADENC,1.4319
2015,09,JPY,IEN,136.4995
2015,09,HKD,DÒLAR HONG KONG,8.4746
2015,10,GBP,LLIURA ESTERLINA,0.7224
2015,10,DKK,CORONA DANESA,7.3653
2015,10,NOK,CORONA NORUEGA,9.1077
2015,10,SEK,CORONA SUECA,9.2276
2015,10,CHF,FRANC SUÍS,1.0825
2015,10,USD,DÒLAR USA,1.1085
2015,10,CAD,DÒLAR CANADENC,1.4654
2015,10,JPY,IEN,132.5853
2015,10,HKD,DÒLAR HONG KONG,8.5125
2015,11,GBP,LLIURA ESTERLINA,0.7332
2015,11,DKK,CORONA DANESA,7.3668
2015,11,NOK,CORONA NORUEGA,9.1329
2015,11,SEK,CORONA SUECA,9.313
2015,11,CHF,FRANC SUÍS,1.0816
2015,11,USD,DÒLAR USA,1.1312
2015,11,CAD,DÒLAR CANADENC,1.4645
2015,11,JPY,IEN,135.0546
2015,11,HKD,DÒLAR HONG KONG,8.6863
2015,12,GBP,LLIURA ESTERLINA,0.6986
2015,12,DKK,CORONA DANESA,7.3689
2015,12,NOK,CORONA NORUEGA,9.1293
2015,12,SEK,CORONA SUECA,9.1817
2015,12,CHF,FRANC SUÍS,1.0785
2015,12,USD,DÒLAR USA,1.0644
2015,12,CAD,DÒLAR CANADENC,1.4101
2015,12,JPY,IEN,130.68
2015,12,HKD,DÒLAR HONG KONG,8.1765
2014,01,GBP,LLIURA ESTERLINA,0.8201
2014,01,DKK,CORONA DANESA,7.3697
2014,01,NOK,CORONA NORUEGA,8.2482
2014,01,SEK,CORONA SUECA,8.6784
2014,01,CHF,FRANC SUÍS,1.2308
2014,01,USD,DÒLAR USA,1.35
2014,01,CAD,DÒLAR CANADENC,1.4741
2014,01,JPY,IEN,140.31
2014,01,HKD,DÒLAR HONG KONG,10.3786
2014,02,GBP,LLIURA ESTERLINA,0.8209
2014,02,DKK,CORONA DANESA,7.369
2014,02,NOK,CORONA NORUEGA,8.2086
2014,02,SEK,CORONA SUECA,8.8105
2014,02,CHF,FRANC SUÍS,1.2174
2014,02,USD,DÒLAR USA,1.3711
2014,02,CAD,DÒLAR CANADENC,1.4927
2014,02,JPY,IEN,139.4156
2014,02,HKD,DÒLAR HONG KONG,10.5363
2014,03,GBP,LLIURA ESTERLINA,0.8339
2014,03,DKK,CORONA DANESA,7.3695
2014,03,NOK,CORONA NORUEGA,8.2079
2014,03,SEK,CORONA SUECA,8.7253
2014,03,CHF,FRANC SUÍS,1.2132
2014,03,USD,DÒLAR USA,1.387
2014,03,CAD,DÒLAR CANADENC,1.5434
2014,03,JPY,IEN,140.2998
2014,03,HKD,DÒLAR HONG KONG,10.6691
2014,04,GBP,LLIURA ESTERLINA,0.8191
2014,04,DKK,CORONA DANESA,7.3716
2014,04,NOK,CORONA NORUEGA,8.1657
2014,04,SEK,CORONA SUECA,8.7253
2014,04,CHF,FRANC SUÍS,1.217
2014,04,USD,DÒLAR USA,1.3779
2014,04,CAD,DÒLAR CANADENC,1.5129
2014,04,JPY,IEN,140.801
2014,04,HKD,DÒLAR HONG KONG,10.5851
2014,05,GBP,LLIURA ESTERLINA,0.8114
2014,05,DKK,CORONA DANESA,7.3708
2014,05,NOK,CORONA NORUEGA,8.0616
2014,05,SEK,CORONA SUECA,8.9172
2014,05,CHF,FRANC SUÍS,1.2168
2014,05,USD,DÒLAR USA,1.367
2014,05,CAD,DÒLAR CANADENC,1.4842
2014,05,JPY,IEN,137.3987
2014,05,HKD,DÒLAR HONG KONG,10.5021
2014,06,GBP,LLIURA ESTERLINA,0.7953
2014,06,DKK,CORONA DANESA,7.3623
2014,06,NOK,CORONA NORUEGA,8.0369
2014,06,SEK,CORONA SUECA,8.8786
2014,06,CHF,FRANC SUÍS,1.2141
2014,06,USD,DÒLAR USA,1.3497
2014,06,CAD,DÒLAR CANADENC,1.4611
2014,06,JPY,IEN,137.4839
2014,06,HKD,DÒLAR HONG KONG,10.3664
2014,07,GBP,LLIURA ESTERLINA,0.7861
2014,07,DKK,CORONA DANESA,7.3628
2014,07,NOK,CORONA NORUEGA,8.2333
2014,07,SEK,CORONA SUECA,9.113
2014,07,CHF,FRANC SUÍS,1.2105
2014,07,USD,DÒLAR USA,1.3417
2014,07,CAD,DÒLAR CANADENC,1.4337
2014,07,JPY,IEN,135.4959
2014,07,HKD,DÒLAR HONG KONG,10.3051
2014,08,GBP,LLIURA ESTERLINA,0.7861
2014,08,DKK,CORONA DANESA,7.3628
2014,08,NOK,CORONA NORUEGA,8.2333
2014,08,SEK,CORONA SUECA,9.113
2014,08,CHF,FRANC SUÍS,1.2105
2014,08,USD,DÒLAR USA,1.3417
2014,08,CAD,DÒLAR CANADENC,1.4337
2014,08,JPY,IEN,135.4959
2014,08,HKD,DÒLAR HONG KONG,10.3051
2014,09,GBP,LLIURA ESTERLINA,0.7224
2014,09,DKK,CORONA DANESA,7.3653
2014,09,NOK,CORONA NORUEGA,9.1077
2014,09,SEK,CORONA SUECA,9.2276
2014,09,CHF,FRANC SUÍS,1.0825
2014,09,USD,DÒLAR USA,1.1085
2014,09,CAD,DÒLAR CANADENC,1.4654
2014,09,JPY,IEN,132.5853
2014,09,HKD,DÒLAR HONG KONG,8.5125
2014,10,GBP,LLIURA ESTERLINA,0.7918
2014,10,DKK,CORONA DANESA,7.3505
2014,10,NOK,CORONA NORUEGA,8.1888
2014,10,SEK,CORONA SUECA,9.1053
2014,10,CHF,FRANC SUÍS,1.2053
2014,10,USD,DÒLAR USA,1.2904
2014,10,CAD,DÒLAR CANADENC,1.4071
2014,10,JPY,IEN,137.7721
2014,10,HKD,DÒLAR HONG KONG,9.9111
2014,11,GBP,LLIURA ESTERLINA,0.7993
2014,11,DKK,CORONA DANESA,7.3509
2014,11,NOK,CORONA NORUEGA,8.3482
2014,11,SEK,CORONA SUECA,9.1386
2014,11,CHF,FRANC SUÍS,1.1969
2014,11,USD,DÒLAR USA,1.2485
2014,11,CAD,DÒLAR CANADENC,1.4084
2014,11,JPY,IEN,145.901
2014,11,HKD,DÒLAR HONG KONG,9.5935
2014,12,GBP,LLIURA ESTERLINA,0.7913
2014,12,DKK,CORONA DANESA,7.3473
2014,12,NOK,CORONA NORUEGA,9.2338
2014,12,SEK,CORONA SUECA,9.3858
2014,12,CHF,FRANC SUÍS,1.1964
2014,12,USD,DÒLAR USA,1.2438
2014,12,CAD,DÒLAR CANADENC,1.4423
2014,12,JPY,IEN,145.2611
2014,12,HKD,DÒLAR HONG KONG,9.5561
